index,aup
14,https://postmaster.t-online.de/aup.en.html
21,https://www.studocu.com/en-us/document/grand-canyon-university/introduction-to-computer-technology/acceptable-use-policy/9802952
34,https://www.dailymail.co.uk/news/article-11236623/Three-accounts-set-Toby-Young-cut-giant-breaking-acceptable-use-policy.html
40,https://trust.kahoot.com/acceptable-use-policy/
42,https://quizizz.com/admin/quiz/59bd6213f3ac8a1000484286/acceptable-use-policy-aup
43,https://aws.amazon.com/aup/
111,https://m.timesofindia.com/topic/acceptable-use-policy/news/21
125,https://www.furaffinity.net/aup
133,https://aws.amazon.com/aup/
156,https://stackoverflow.com/legal/acceptable-use-policy
267,https://terra.bio/about/acceptable-use-policy/
274,https://www.pinterest.com/meganlsuggs/acceptable-use-policy/
301,https://assets.publishing.service.gov.uk/government/uploads/system/uploads/attachment_data/file/1137343/dwp-acceptable-use-policy-version-3.pdf
318,https://www.linkedin.com/pulse/acceptable-use-policy-aup-allen-amadi
328,https://www.ansa.dev/acceptable-use-policy
331,https://www.quora.com/What-is-an-acceptable-use-policy-What-do-you-consider-that-means
354,https://explore.zoom.us/en/trust/zoom-phone-acceptable-use-policy/
383,https://www.chegg.com/homework-help/questions-and-answers/question-one-20-marks-acceptable-use-policy-businesses-institutions-provide-wi-fi-internet-q40346689
387,https://aws.amazon.com/aup/
423,https://aws.amazon.com/aup/
429,https://aws.amazon.com/aup/
534,https://aws.amazon.com/aup/
535,https://aws.amazon.com/aup/
547,https://aws.amazon.com/aup/
551,https://aws.amazon.com/aup/
585,https://www.slideshare.net/gfair3/acceptable-use-policy-18802628
586,https://help.nexusmods.com/article/114-api-acceptable-use-policy
619,https://aws.amazon.com/aup/
648,https://www.flipkart.com/acceptable-use-policy/p/itmdyr4ayg7kuur8
663,https://aws.amazon.com/aup/
727,https://aws.amazon.com/aup/
766,https://devedge.t-mobile.com/acceptable-use-policy
790,https://www.paypal.com/us/cshelp/article/what-is-paypal%E2%80%99s-acceptable-use-policy-and-where-can-i-find-it-help270
792,https://aws.amazon.com/aup/
800,https://www.reddit.com/r/cybersecurity/comments/12xfy0d/how_strict_is_your_companies_aup_acceptable_use/
838,https://learn.microsoft.com/en-us/legal/intune/acceptable-use-policy-for-microsoft-intune
878,https://www.coursehero.com/file/p5kq5gc/An-acceptable-use-policy-is-a-document-that-the-employee-signs-in-which-the/
925,https://quizlet.com/28742194/acceptable-use-policy-flash-cards/
