index,aup
1028,https://www.figma.com/aup/
1091,https://www.xfinity.com/corporate/customers/policies/highspeedinternetaup
1132,https://www.scribd.com/document/287829804/acceptable-use-policy-pdf
1145,https://about.gitlab.com/handbook/people-group/acceptable-use-policy/
1291,https://issuu.com/schudio1/docs/hnc-hnc-it-acceptable-use-policy-march-2019-no
1296,https://www.autotrader.co.zm/acceptable-use-policy
1350,https://www.dell.com/learn/us/en/uscorp1/terms-conditions/acceptable-use-policy
1367,https://www.twitch.tv/p/en/legal/channel-points-acceptable-use-policy
1373,https://www.twitch.tv/p/en/legal/channel-points-acceptable-use-policy
1418,https://aws.amazon.com/aup/
1483,https://aws.amazon.com/aup/
1590,https://learn.microsoft.com/en-us/legal/intune/acceptable-use-policy-for-microsoft-intune
1657,https://slack.com/acceptable-use-policy
1706,https://www.cbssports.com/info/about/tos/aup
1710,https://dev.epicgames.com/en-US/services/terms/aup
1784,https://www.almaany.com/en/dict/ar-en/acceptable-use-policy/
1793,https://tureng.com/en/spanish-english/acceptable%20use%20policy%20(aup)
1893,https://testbook.com/acceptable-use-policy
1935,https://www.scribd.com/document/287829804/acceptable-use-policy-pdf
2060,https://explore.zoom.us/en/trust/contactcenter-acceptable-use-policy/
2111,https://about.realestate.com.au/acceptable-use-policy-residential/
2263,https://www.istockphoto.com/illustrations/acceptable-use-policy
2314,https://abadis.ir/entofa/acceptable-use-policy/
2344,https://www.doubtnut.com/pcmb-questions/what-should-not-be-part-of-an-acceptable-use-policy1-allowable-use-of-systems2-legal-obligations3-en-104655
2352,https://business-isp.rakuten.co.jp/about/policy/aup.html
2412,https://aws.amazon.com/aup/
2510,https://quickbooks.intuit.com/ca/payments/legal-documents/canada-acceptable-use-policy-2017/
2553,https://cdn.auth0.com/website/legals/files/aup-feb-20.pdf?_ga=2.145244535.270615629.1602600152-1580183395.1598368988
2645,https://cash.app/legal/us/en-us/acceptable-use-policy
2648,https://aws.amazon.com/aup/
2661,https://wise.com/acceptable-use-policy
2676,https://trust.kahoot.com/acceptable-use-policy/
2720,https://www.ledauphine.com/faits-divers-justice
2772,https://aws.amazon.com/aup/
2803,https://www.hudl.com/acceptable-use-policy
2940,https://www.pdffiller.com/100836094-7th20SCT20AUP1pdf-army-acceptable-use-policy-2022-
2951,https://www.paypal.com/us/cshelp/article/what-is-paypal%E2%80%99s-acceptable-use-policy-and-where-can-i-find-it-help270
3021,https://www.pinterest.com/meganlsuggs/acceptable-use-policy/
3041,https://www.schools.nyc.gov/about-us/policies/internet-acceptable-use-policy
3045,https://security-guidance.service.justice.gov.uk/acceptable-use-policy/
3052,https://aws.amazon.com/aup/
3080,https://www.digitalspy.com/tech/cable/a2368/ntl-clarifies-acceptable-use-policy/
3138,https://www.ripley.k12.ok.us/page/acceptable-use-policy
3151,https://www.slideshare.net/gfair3/acceptable-use-policy-18802628
3274,https://prezi.com/ssuncfjkkta8/acceptable-use-policy/
3300,https://developer.grammarly.com/aup
3352,https://www.shopify.com/legal/aup
3382,https://aws.amazon.com/aup/
3590,https://www.shutterstock.com/search/acceptable-use-policy
3609,https://explore.zoom.us/en/trust/contactcenter-acceptable-use-policy/
3631,https://www.dreamstime.com/photos-images/acceptable-use-policy.html
3673,https://terra.bio/about/acceptable-use-policy/
3839,https://www.dexerto.com/acceptable-use-policy/
3930,https://www.barnesandnoble.com/w/acceptable-use-policy-a-complete-guide-2020-edition-gerardus-blokdyk/1136391212
4057,https://pdfcoffee.com/developing-acceptable-use-policy-pdf-free.html
4072,https://www.verizon.com/about/terms-conditions/acceptable-use-policy
4095,https://es.scribd.com/document/381358773/acceptable-use-policy-docx
4116,https://aws.amazon.com/aup/
4141,https://dev.epicgames.com/en-US/services/terms/aup
4154,https://www.schools.nyc.gov/about-us/policies/internet-acceptable-use-policy
4196,https://www.pinterest.com/meganlsuggs/acceptable-use-policy/
4430,https://elcomercio.pe/noticias/aup/
4497,https://www.connexus.com.au/acceptable-use-policy
4515,https://postmaster.t-online.de/aup.en.html
4552,https://www.sarthaks.com/248177/what-should-not-be-part-of-an-acceptable-use-policy
4648,https://www.ripley.k12.ok.us/page/acceptable-use-policy
4652,https://devedge.t-mobile.com/acceptable-use-policy
4715,https://aws.amazon.com/aup/
4716,https://www.docsity.com/en/acceptable-use-policy-agreement/9595121/
4820,https://aws.amazon.com/aup/
4901,https://www.pinterest.com/INelearn/aup-acceptable-use-policy-and-more/
4914,https://www.linkedin.com/pulse/acceptable-use-policy-aup-allen-amadi
